{
  "P_coverage_time_ge_8h": 0.2777777777777778,
  "mean_max_overdose": 0.02001953125
}