{
  "mms": {
    "space_h": [
      0.03125,
      0.020833333333333332,
      0.015625
    ],
    "space_errs": [
      0.0006143160190695828,
      0.0006145361161282943,
      0.0006146131686639294
    ],
    "space_order_est": -0.000697674461310869,
    "time_dts": [
      0.0244140625,
      0.01220703125,
      0.006103515625
    ],
    "time_errs": [
      0.00020366069973662865,
      0.00012203534765575325,
      6.772504988213777e-05
    ],
    "time_order_est": 0.8495376301831741
  },
  "gaussian_check": {
    "mass0": 0.006283185307179586,
    "mass_final": 0.006280044494279111,
    "times": [
      0.4945205479452055,
      0.4958904109589041,
      0.49726027397260275,
      0.4986301369863014,
      0.5
    ]
  },
  "pk_matrix_exponential": {
    "max_abs_err": 2.85491957852102e-09,
    "mean_abs_err": 2.7388934270768042e-11
  },
  "criteria": {
    "mms_space_order_min": 1.8,
    "mms_time_order_min": 0.9,
    "pk_max_abs_err_max": 1e-06
  },
  "status": {
    "mms_ok": false,
    "gaussian_ok": true,
    "pk_ok": true
  }
}